id,value
Cardiovascular system,C
Cardiovascular system.Cardiac therapy,C01
Cardiovascular system.Cardiac therapy.Cardiac glycosides,C01A
Cardiovascular system.Cardiac therapy.Cardiac glycosides.Digitalis glycosides,C01AA
Cardiovascular system.Cardiac therapy.Cardiac glycosides.Digitalis glycosides.Acetyldigitoxin,C01AA01
Cardiovascular system.Cardiac therapy.Cardiac glycosides.Digitalis glycosides.Digitoxin,C01AA04
Cardiovascular system.Cardiac therapy.Cardiac glycosides.Digitalis glycosides.Digoxin,C01AA05
Cardiovascular system.Cardiac therapy.Cardiac glycosides.Digitalis glycosides.Deslanoside,C01AA07
Cardiovascular system.Cardiac therapy.Cardiac glycosides.Strophanthus glycosides,C01AC
Cardiovascular system.Cardiac therapy.Cardiac glycosides.Strophanthus glycosides.G-strophanthin,C01AC01
"Cardiovascular system.Cardiac therapy.Antiarrhythmics, class i and iii",C01B
"Cardiovascular system.Cardiac therapy.Antiarrhythmics, class i and iii.Antiarrhythmics, class ia",C01BA
"Cardiovascular system.Cardiac therapy.Antiarrhythmics, class i and iii.Antiarrhythmics, class ia.Quinidine",C01BA01
"Cardiovascular system.Cardiac therapy.Antiarrhythmics, class i and iii.Antiarrhythmics, class ia.Procainamide",C01BA02
"Cardiovascular system.Cardiac therapy.Antiarrhythmics, class i and iii.Antiarrhythmics, class ia.Disopyramide",C01BA03
"Cardiovascular system.Cardiac therapy.Antiarrhythmics, class i and iii.Antiarrhythmics, class ia.Sparteine",C01BA04
"Cardiovascular system.Cardiac therapy.Antiarrhythmics, class i and iii.Antiarrhythmics, class ia.Ajmaline",C01BA05
"Cardiovascular system.Cardiac therapy.Antiarrhythmics, class i and iii.Antiarrhythmics, class ia.Quinidine, combinations excl. psycholeptics",C01BA51
"Cardiovascular system.Cardiac therapy.Antiarrhythmics, class i and iii.Antiarrhythmics, class ia.Quinidine, combinations with psycholeptics",C01BA71
"Cardiovascular system.Cardiac therapy.Antiarrhythmics, class i and iii.Antiarrhythmics, class ib",C01BB
"Cardiovascular system.Cardiac therapy.Antiarrhythmics, class i and iii.Antiarrhythmics, class ib.Lidocaine",C01BB01
"Cardiovascular system.Cardiac therapy.Antiarrhythmics, class i and iii.Antiarrhythmics, class ib.Mexiletine",C01BB02
"Cardiovascular system.Cardiac therapy.Antiarrhythmics, class i and iii.Antiarrhythmics, class ib.Tocainide",C01BB03
"Cardiovascular system.Cardiac therapy.Antiarrhythmics, class i and iii.Antiarrhythmics, class ib.Aprindine",C01BB04
"Cardiovascular system.Cardiac therapy.Antiarrhythmics, class i and iii.Antiarrhythmics, class ic",C01BC
"Cardiovascular system.Cardiac therapy.Antiarrhythmics, class i and iii.Antiarrhythmics, class ic.Propafenone",C01BC03
"Cardiovascular system.Cardiac therapy.Antiarrhythmics, class i and iii.Antiarrhythmics, class ic.Flecainide",C01BC04
"Cardiovascular system.Cardiac therapy.Antiarrhythmics, class i and iii.Antiarrhythmics, class ic.Encainide",C01BC08
"Cardiovascular system.Cardiac therapy.Antiarrhythmics, class i and iii.Antiarrhythmics, class iii",C01BD
"Cardiovascular system.Cardiac therapy.Antiarrhythmics, class i and iii.Antiarrhythmics, class iii.Amiodarone",C01BD01
"Cardiovascular system.Cardiac therapy.Antiarrhythmics, class i and iii.Antiarrhythmics, class iii.Bretylium tosilate",C01BD02
"Cardiovascular system.Cardiac therapy.Antiarrhythmics, class i and iii.Antiarrhythmics, class iii.Dofetilide",C01BD04
"Cardiovascular system.Cardiac therapy.Antiarrhythmics, class i and iii.Antiarrhythmics, class iii.Ibutilide",C01BD05
"Cardiovascular system.Cardiac therapy.Antiarrhythmics, class i and iii.Antiarrhythmics, class iii.Dronedarone",C01BD07
"Cardiovascular system.Cardiac therapy.Antiarrhythmics, class i and iii.Other antiarrhythmics, class i and iii",C01BG
"Cardiovascular system.Cardiac therapy.Antiarrhythmics, class i and iii.Other antiarrhythmics, class i and iii.Moracizine",C01BG01
"Cardiovascular system.Cardiac therapy.Antiarrhythmics, class i and iii.Other antiarrhythmics, class i and iii.Vernakalant",C01BG11
Cardiovascular system.Cardiac therapy.Cardiac stimulants excl. cardiac glycosides,C01C
Cardiovascular system.Cardiac therapy.Cardiac stimulants excl. cardiac glycosides.Adrenergic and dopaminergic agents,C01CA
Cardiovascular system.Cardiac therapy.Cardiac stimulants excl. cardiac glycosides.Adrenergic and dopaminergic agents.Isoprenaline,C01CA02
Cardiovascular system.Cardiac therapy.Cardiac stimulants excl. cardiac glycosides.Adrenergic and dopaminergic agents.Norepinephrine,C01CA03
Cardiovascular system.Cardiac therapy.Cardiac stimulants excl. cardiac glycosides.Adrenergic and dopaminergic agents.Dopamine,C01CA04
Cardiovascular system.Cardiac therapy.Cardiac stimulants excl. cardiac glycosides.Adrenergic and dopaminergic agents.Phenylephrine,C01CA06
Cardiovascular system.Cardiac therapy.Cardiac stimulants excl. cardiac glycosides.Adrenergic and dopaminergic agents.Dobutamine,C01CA07
Cardiovascular system.Cardiac therapy.Cardiac stimulants excl. cardiac glycosides.Adrenergic and dopaminergic agents.Oxedrine,C01CA08
Cardiovascular system.Cardiac therapy.Cardiac stimulants excl. cardiac glycosides.Adrenergic and dopaminergic agents.Metaraminol,C01CA09
Cardiovascular system.Cardiac therapy.Cardiac stimulants excl. cardiac glycosides.Adrenergic and dopaminergic agents.Methoxamine,C01CA10
Cardiovascular system.Cardiac therapy.Cardiac stimulants excl. cardiac glycosides.Adrenergic and dopaminergic agents.Mephentermine,C01CA11
Cardiovascular system.Cardiac therapy.Cardiac stimulants excl. cardiac glycosides.Adrenergic and dopaminergic agents.Midodrine,C01CA17
Cardiovascular system.Cardiac therapy.Cardiac stimulants excl. cardiac glycosides.Adrenergic and dopaminergic agents.Fenoldopam,C01CA19
Cardiovascular system.Cardiac therapy.Cardiac stimulants excl. cardiac glycosides.Adrenergic and dopaminergic agents.Arbutamine,C01CA22
Cardiovascular system.Cardiac therapy.Cardiac stimulants excl. cardiac glycosides.Adrenergic and dopaminergic agents.Epinephrine,C01CA24
Cardiovascular system.Cardiac therapy.Cardiac stimulants excl. cardiac glycosides.Adrenergic and dopaminergic agents.Ephedrine,C01CA26
Cardiovascular system.Cardiac therapy.Cardiac stimulants excl. cardiac glycosides.Adrenergic and dopaminergic agents.Droxidopa,C01CA27
Cardiovascular system.Cardiac therapy.Cardiac stimulants excl. cardiac glycosides.Phosphodiesterase inhibitors,C01CE
Cardiovascular system.Cardiac therapy.Cardiac stimulants excl. cardiac glycosides.Phosphodiesterase inhibitors.Amrinone,C01CE01
Cardiovascular system.Cardiac therapy.Cardiac stimulants excl. cardiac glycosides.Phosphodiesterase inhibitors.Milrinone,C01CE02
Cardiovascular system.Cardiac therapy.Cardiac stimulants excl. cardiac glycosides.Phosphodiesterase inhibitors.Enoximone,C01CE03
Cardiovascular system.Cardiac therapy.Cardiac stimulants excl. cardiac glycosides.Other cardiac stimulants,C01CX
Cardiovascular system.Cardiac therapy.Cardiac stimulants excl. cardiac glycosides.Other cardiac stimulants.Xamoterol,C01CX07
Cardiovascular system.Cardiac therapy.Cardiac stimulants excl. cardiac glycosides.Other cardiac stimulants.Levosimendan,C01CX08
Cardiovascular system.Cardiac therapy.Cardiac stimulants excl. cardiac glycosides.Other cardiac stimulants.Angiotensin ii,C01CX09
Cardiovascular system.Cardiac therapy.Vasodilators used in cardiac diseases,C01D
Cardiovascular system.Cardiac therapy.Vasodilators used in cardiac diseases.Organic nitrates,C01DA
Cardiovascular system.Cardiac therapy.Vasodilators used in cardiac diseases.Organic nitrates.Glyceryl trinitrate,C01DA02
Cardiovascular system.Cardiac therapy.Vasodilators used in cardiac diseases.Organic nitrates.Pentaerithrityl tetranitrate,C01DA05
Cardiovascular system.Cardiac therapy.Vasodilators used in cardiac diseases.Organic nitrates.Isosorbide dinitrate,C01DA08
Cardiovascular system.Cardiac therapy.Vasodilators used in cardiac diseases.Organic nitrates.Eritrityl tetranitrate,C01DA13
Cardiovascular system.Cardiac therapy.Vasodilators used in cardiac diseases.Organic nitrates.Isosorbide mononitrate,C01DA14
"Cardiovascular system.Cardiac therapy.Vasodilators used in cardiac diseases.Organic nitrates.Glyceryl trinitrate, combinations",C01DA52
"Cardiovascular system.Cardiac therapy.Vasodilators used in cardiac diseases.Organic nitrates.Pentaerithrityl tetranitrate, combinations",C01DA55
"Cardiovascular system.Cardiac therapy.Vasodilators used in cardiac diseases.Organic nitrates.Isosorbide dinitrate, combinations",C01DA58
"Cardiovascular system.Cardiac therapy.Vasodilators used in cardiac diseases.Organic nitrates.Eritrityl tetranitrate, combinations",C01DA63
Cardiovascular system.Cardiac therapy.Vasodilators used in cardiac diseases.Other vasodilators used in cardiac diseases,C01DX
Cardiovascular system.Cardiac therapy.Vasodilators used in cardiac diseases.Other vasodilators used in cardiac diseases.Prenylamine,C01DX02
Cardiovascular system.Cardiac therapy.Vasodilators used in cardiac diseases.Other vasodilators used in cardiac diseases.Trapidil,C01DX11
Cardiovascular system.Cardiac therapy.Vasodilators used in cardiac diseases.Other vasodilators used in cardiac diseases.Molsidomine,C01DX12
Cardiovascular system.Cardiac therapy.Vasodilators used in cardiac diseases.Other vasodilators used in cardiac diseases.Nicorandil,C01DX16
Cardiovascular system.Cardiac therapy.Vasodilators used in cardiac diseases.Other vasodilators used in cardiac diseases.Nesiritide,C01DX19
"Cardiovascular system.Cardiac therapy.Vasodilators used in cardiac diseases.Other vasodilators used in cardiac diseases.Prenylamine, combinations",C01DX52
Cardiovascular system.Cardiac therapy.Other cardiac preparations,C01E
Cardiovascular system.Cardiac therapy.Other cardiac preparations.Prostaglandins,C01EA
Cardiovascular system.Cardiac therapy.Other cardiac preparations.Prostaglandins.Alprostadil,C01EA01
Cardiovascular system.Cardiac therapy.Other cardiac preparations.Other cardiac preparations,C01EB
Cardiovascular system.Cardiac therapy.Other cardiac preparations.Other cardiac preparations.Camphora,C01EB02
Cardiovascular system.Cardiac therapy.Other cardiac preparations.Other cardiac preparations.Indometacin,C01EB03
Cardiovascular system.Cardiac therapy.Other cardiac preparations.Other cardiac preparations.Fosfocreatine,C01EB06
Cardiovascular system.Cardiac therapy.Other cardiac preparations.Other cardiac preparations.Ubidecarenone,C01EB09
Cardiovascular system.Cardiac therapy.Other cardiac preparations.Other cardiac preparations.Adenosine,C01EB10
Cardiovascular system.Cardiac therapy.Other cardiac preparations.Other cardiac preparations.Trimetazidine,C01EB15
Cardiovascular system.Cardiac therapy.Other cardiac preparations.Other cardiac preparations.Ibuprofen,C01EB16
Cardiovascular system.Cardiac therapy.Other cardiac preparations.Other cardiac preparations.Ivabradine,C01EB17
Cardiovascular system.Cardiac therapy.Other cardiac preparations.Other cardiac preparations.Ranolazine,C01EB18
Cardiovascular system.Cardiac therapy.Other cardiac preparations.Other cardiac preparations.Regadenoson,C01EB21
Cardiovascular system.Antihypertensives,C02
"Cardiovascular system.Antihypertensives.Antiadrenergic agents, centrally acting",C02A
"Cardiovascular system.Antihypertensives.Antiadrenergic agents, centrally acting.Rauwolfia alkaloids",C02AA
"Cardiovascular system.Antihypertensives.Antiadrenergic agents, centrally acting.Rauwolfia alkaloids.Rescinnamine",C02AA01
"Cardiovascular system.Antihypertensives.Antiadrenergic agents, centrally acting.Rauwolfia alkaloids.Reserpine",C02AA02
"Cardiovascular system.Antihypertensives.Antiadrenergic agents, centrally acting.Rauwolfia alkaloids.Combinations of rauwolfia alkaloids",C02AA03
"Cardiovascular system.Antihypertensives.Antiadrenergic agents, centrally acting.Rauwolfia alkaloids.Deserpidine",C02AA05
"Cardiovascular system.Antihypertensives.Antiadrenergic agents, centrally acting.Rauwolfia alkaloids.Reserpine, combinations",C02AA52
"Cardiovascular system.Antihypertensives.Antiadrenergic agents, centrally acting.Imidazoline receptor agonists",C02AC
"Cardiovascular system.Antihypertensives.Antiadrenergic agents, centrally acting.Imidazoline receptor agonists.Clonidine",C02AC01
"Cardiovascular system.Antihypertensives.Antiadrenergic agents, centrally acting.Imidazoline receptor agonists.Guanfacine",C02AC02
"Cardiovascular system.Antihypertensives.Antiadrenergic agents, centrally acting.Imidazoline receptor agonists.Moxonidine",C02AC05
"Cardiovascular system.Antihypertensives.Antiadrenergic agents, centrally acting.Imidazoline receptor agonists.Rilmenidine",C02AC06
"Cardiovascular system.Antihypertensives.Antiadrenergic agents, ganglion-blocking",C02B
"Cardiovascular system.Antihypertensives.Antiadrenergic agents, ganglion-blocking.Sulfonium derivatives",C02BA
"Cardiovascular system.Antihypertensives.Antiadrenergic agents, ganglion-blocking.Sulfonium derivatives.Trimetaphan",C02BA01
"Cardiovascular system.Antihypertensives.Antiadrenergic agents, ganglion-blocking.Secondary and tertiary amines",C02BB
"Cardiovascular system.Antihypertensives.Antiadrenergic agents, ganglion-blocking.Secondary and tertiary amines.Mecamylamine",C02BB01
"Cardiovascular system.Antihypertensives.Antiadrenergic agents, peripherally acting",C02C
"Cardiovascular system.Antihypertensives.Antiadrenergic agents, peripherally acting.Alpha-adrenoreceptor antagonists",C02CA
"Cardiovascular system.Antihypertensives.Antiadrenergic agents, peripherally acting.Alpha-adrenoreceptor antagonists.Prazosin",C02CA01
"Cardiovascular system.Antihypertensives.Antiadrenergic agents, peripherally acting.Alpha-adrenoreceptor antagonists.Indoramin",C02CA02
"Cardiovascular system.Antihypertensives.Antiadrenergic agents, peripherally acting.Alpha-adrenoreceptor antagonists.Doxazosin",C02CA04
"Cardiovascular system.Antihypertensives.Antiadrenergic agents, peripherally acting.Guanidine derivatives",C02CC
"Cardiovascular system.Antihypertensives.Antiadrenergic agents, peripherally acting.Guanidine derivatives.Betanidine",C02CC01
"Cardiovascular system.Antihypertensives.Antiadrenergic agents, peripherally acting.Guanidine derivatives.Guanethidine",C02CC02
"Cardiovascular system.Antihypertensives.Antiadrenergic agents, peripherally acting.Guanidine derivatives.Debrisoquine",C02CC04
"Cardiovascular system.Antihypertensives.Arteriolar smooth muscle, agents acting on",C02D
"Cardiovascular system.Antihypertensives.Arteriolar smooth muscle, agents acting on.Thiazide derivatives",C02DA
"Cardiovascular system.Antihypertensives.Arteriolar smooth muscle, agents acting on.Thiazide derivatives.Diazoxide",C02DA01
"Cardiovascular system.Antihypertensives.Arteriolar smooth muscle, agents acting on.Hydrazinophthalazine derivatives",C02DB
"Cardiovascular system.Antihypertensives.Arteriolar smooth muscle, agents acting on.Hydrazinophthalazine derivatives.Dihydralazine",C02DB01
"Cardiovascular system.Antihypertensives.Arteriolar smooth muscle, agents acting on.Hydrazinophthalazine derivatives.Hydralazine",C02DB02
"Cardiovascular system.Antihypertensives.Arteriolar smooth muscle, agents acting on.Pyrimidine derivatives",C02DC
"Cardiovascular system.Antihypertensives.Arteriolar smooth muscle, agents acting on.Pyrimidine derivatives.Minoxidil",C02DC01
"Cardiovascular system.Antihypertensives.Arteriolar smooth muscle, agents acting on.Nitroferricyanide derivatives",C02DD
"Cardiovascular system.Antihypertensives.Arteriolar smooth muscle, agents acting on.Nitroferricyanide derivatives.Nitroprusside",C02DD01
"Cardiovascular system.Antihypertensives.Arteriolar smooth muscle, agents acting on.Guanidine derivatives",C02DG
"Cardiovascular system.Antihypertensives.Arteriolar smooth muscle, agents acting on.Guanidine derivatives.Pinacidil",C02DG01
Cardiovascular system.Antihypertensives.Other antihypertensives,C02K
Cardiovascular system.Antihypertensives.Other antihypertensives.Tyrosine hydroxylase inhibitors,C02KB
Cardiovascular system.Antihypertensives.Other antihypertensives.Tyrosine hydroxylase inhibitors.Metirosine,C02KB01
Cardiovascular system.Antihypertensives.Other antihypertensives.Mao inhibitors,C02KC
Cardiovascular system.Antihypertensives.Other antihypertensives.Mao inhibitors.Pargyline,C02KC01
Cardiovascular system.Antihypertensives.Other antihypertensives.Serotonin antagonists,C02KD
Cardiovascular system.Antihypertensives.Other antihypertensives.Serotonin antagonists.Ketanserin,C02KD01
Cardiovascular system.Antihypertensives.Other antihypertensives.Antihypertensives for pulmonary arterial hypertension,C02KX
Cardiovascular system.Antihypertensives.Other antihypertensives.Antihypertensives for pulmonary arterial hypertension.Bosentan,C02KX01
Cardiovascular system.Antihypertensives.Other antihypertensives.Antihypertensives for pulmonary arterial hypertension.Ambrisentan,C02KX02
Cardiovascular system.Antihypertensives.Other antihypertensives.Antihypertensives for pulmonary arterial hypertension.Sitaxentan,C02KX03
Cardiovascular system.Antihypertensives.Other antihypertensives.Antihypertensives for pulmonary arterial hypertension.Macitentan,C02KX04
Cardiovascular system.Antihypertensives.Other antihypertensives.Antihypertensives for pulmonary arterial hypertension.Riociguat,C02KX05
Cardiovascular system.Antihypertensives.Other antihypertensives.Antihypertensives for pulmonary arterial hypertension.Ambrisentan and tadalafil,C02KX52
Cardiovascular system.Antihypertensives.Antihypertensives and diuretics in combination,C02L
Cardiovascular system.Antihypertensives.Antihypertensives and diuretics in combination.Rauwolfia alkaloids and diuretics in combination,C02LA
Cardiovascular system.Antihypertensives.Antihypertensives and diuretics in combination.Rauwolfia alkaloids and diuretics in combination.Reserpine and diuretics,C02LA01
Cardiovascular system.Antihypertensives.Antihypertensives and diuretics in combination.Rauwolfia alkaloids and diuretics in combination.Rescinnamine and diuretics,C02LA02
Cardiovascular system.Antihypertensives.Antihypertensives and diuretics in combination.Rauwolfia alkaloids and diuretics in combination.Deserpidine and diuretics,C02LA03
"Cardiovascular system.Antihypertensives.Antihypertensives and diuretics in combination.Rauwolfia alkaloids and diuretics in combination.Rauwolfia alkaloids, whole root and diuretics",C02LA08
"Cardiovascular system.Antihypertensives.Antihypertensives and diuretics in combination.Rauwolfia alkaloids and diuretics in combination.Reserpine and diuretics, combinations with other drugs",C02LA51
"Cardiovascular system.Antihypertensives.Antihypertensives and diuretics in combination.Rauwolfia alkaloids and diuretics in combination.Rescinnamine and diuretics, combinations with other drugs",C02LA52
"Cardiovascular system.Antihypertensives.Antihypertensives and diuretics in combination.Rauwolfia alkaloids and diuretics in combination.Reserpine and diuretics, combinations with psycholeptics",C02LA71
Cardiovascular system.Antihypertensives.Antihypertensives and diuretics in combination.Imidazoline receptor agonists in combination with diuretics,C02LC
Cardiovascular system.Antihypertensives.Antihypertensives and diuretics in combination.Imidazoline receptor agonists in combination with diuretics.Clonidine and diuretics,C02LC01
Cardiovascular system.Antihypertensives.Antihypertensives and diuretics in combination.Imidazoline receptor agonists in combination with diuretics.Moxonidine and diuretics,C02LC05
"Cardiovascular system.Antihypertensives.Antihypertensives and diuretics in combination.Imidazoline receptor agonists in combination with diuretics.Clonidine and diuretics, combinations with other drugs",C02LC51
Cardiovascular system.Antihypertensives.Antihypertensives and diuretics in combination.Alpha-adrenoreceptor antagonists and diuretics,C02LE
Cardiovascular system.Antihypertensives.Antihypertensives and diuretics in combination.Alpha-adrenoreceptor antagonists and diuretics.Prazosin and diuretics,C02LE01
Cardiovascular system.Antihypertensives.Antihypertensives and diuretics in combination.Guanidine derivatives and diuretics,C02LF
Cardiovascular system.Antihypertensives.Antihypertensives and diuretics in combination.Guanidine derivatives and diuretics.Guanethidine and diuretics,C02LF01
Cardiovascular system.Antihypertensives.Antihypertensives and diuretics in combination.Hydrazinophthalazine derivatives and diuretics,C02LG
Cardiovascular system.Antihypertensives.Antihypertensives and diuretics in combination.Hydrazinophthalazine derivatives and diuretics.Dihydralazine and diuretics,C02LG01
Cardiovascular system.Antihypertensives.Antihypertensives and diuretics in combination.Hydrazinophthalazine derivatives and diuretics.Hydralazine and diuretics,C02LG02
"Cardiovascular system.Antihypertensives.Antihypertensives and diuretics in combination.Hydrazinophthalazine derivatives and diuretics.Dihydralazine and diuretics, combinations with other drugs",C02LG51
Cardiovascular system.Antihypertensives.Antihypertensives and diuretics in combination.Mao inhibitors and diuretics,C02LL
Cardiovascular system.Antihypertensives.Antihypertensives and diuretics in combination.Mao inhibitors and diuretics.Pargyline and diuretics,C02LL01
Cardiovascular system.Antihypertensives.Antihypertensives and diuretics in combination.Other antihypertensives and diuretics,C02LX
Cardiovascular system.Antihypertensives.Antihypertensives and diuretics in combination.Other antihypertensives and diuretics.Pinacidil and diuretics,C02LX01
Cardiovascular system.Diuretics,C03
"Cardiovascular system.Diuretics.Low-ceiling diuretics, thiazides",C03A
"Cardiovascular system.Diuretics.Low-ceiling diuretics, thiazides.Thiazides, plain",C03AA
"Cardiovascular system.Diuretics.Low-ceiling diuretics, thiazides.Thiazides, plain.Bendroflumethiazide",C03AA01
"Cardiovascular system.Diuretics.Low-ceiling diuretics, thiazides.Thiazides, plain.Hydroflumethiazide",C03AA02
"Cardiovascular system.Diuretics.Low-ceiling diuretics, thiazides.Thiazides, plain.Hydrochlorothiazide",C03AA03
"Cardiovascular system.Diuretics.Low-ceiling diuretics, thiazides.Thiazides, plain.Chlorothiazide",C03AA04
"Cardiovascular system.Diuretics.Low-ceiling diuretics, thiazides.Thiazides, plain.Polythiazide",C03AA05
"Cardiovascular system.Diuretics.Low-ceiling diuretics, thiazides.Thiazides, plain.Trichlormethiazide",C03AA06
"Cardiovascular system.Diuretics.Low-ceiling diuretics, thiazides.Thiazides, plain.Methyclothiazide",C03AA08
"Cardiovascular system.Diuretics.Low-ceiling diuretics, thiazides.Thiazides, plain.Cyclothiazide",C03AA09
"Cardiovascular system.Diuretics.Low-ceiling diuretics, thiazides.Thiazides and potassium in combination",C03AB
"Cardiovascular system.Diuretics.Low-ceiling diuretics, thiazides.Thiazides and potassium in combination.Bendroflumethiazide and potassium",C03AB01
"Cardiovascular system.Diuretics.Low-ceiling diuretics, thiazides.Thiazides and potassium in combination.Hydroflumethiazide and potassium",C03AB02
"Cardiovascular system.Diuretics.Low-ceiling diuretics, thiazides.Thiazides and potassium in combination.Hydrochlorothiazide and potassium",C03AB03
"Cardiovascular system.Diuretics.Low-ceiling diuretics, thiazides.Thiazides and potassium in combination.Chlorothiazide and potassium",C03AB04
"Cardiovascular system.Diuretics.Low-ceiling diuretics, thiazides.Thiazides and potassium in combination.Polythiazide and potassium",C03AB05
"Cardiovascular system.Diuretics.Low-ceiling diuretics, thiazides.Thiazides and potassium in combination.Trichlormethiazide and potassium",C03AB06
"Cardiovascular system.Diuretics.Low-ceiling diuretics, thiazides.Thiazides and potassium in combination.Cyclopenthiazide and potassium",C03AB07
"Cardiovascular system.Diuretics.Low-ceiling diuretics, thiazides.Thiazides and potassium in combination.Methyclothiazide and potassium",C03AB08
"Cardiovascular system.Diuretics.Low-ceiling diuretics, thiazides.Thiazides and potassium in combination.Cyclothiazide and potassium",C03AB09
"Cardiovascular system.Diuretics.Low-ceiling diuretics, thiazides.Thiazides, combinations with psycholeptics and/or analgesics",C03AH
"Cardiovascular system.Diuretics.Low-ceiling diuretics, thiazides.Thiazides, combinations with psycholeptics and/or analgesics.Chlorothiazide, combinations",C03AH01
"Cardiovascular system.Diuretics.Low-ceiling diuretics, thiazides.Thiazides, combinations with psycholeptics and/or analgesics.Hydroflumethiazide, combinations",C03AH02
"Cardiovascular system.Diuretics.Low-ceiling diuretics, thiazides.Thiazides, combinations with other drugs",C03AX
"Cardiovascular system.Diuretics.Low-ceiling diuretics, thiazides.Thiazides, combinations with other drugs.Hydrochlorothiazide, combinations",C03AX01
"Cardiovascular system.Diuretics.Low-ceiling diuretics, excl. thiazides",C03B
"Cardiovascular system.Diuretics.Low-ceiling diuretics, excl. thiazides.Sulfonamides, plain",C03BA
"Cardiovascular system.Diuretics.Low-ceiling diuretics, excl. thiazides.Sulfonamides, plain.Quinethazone",C03BA02
"Cardiovascular system.Diuretics.Low-ceiling diuretics, excl. thiazides.Sulfonamides, plain.Chlortalidone",C03BA04
"Cardiovascular system.Diuretics.Low-ceiling diuretics, excl. thiazides.Sulfonamides, plain.Metolazone",C03BA08
"Cardiovascular system.Diuretics.Low-ceiling diuretics, excl. thiazides.Sulfonamides, plain.Indapamide",C03BA11
"Cardiovascular system.Diuretics.Low-ceiling diuretics, excl. thiazides.Sulfonamides and potassium in combination",C03BB
"Cardiovascular system.Diuretics.Low-ceiling diuretics, excl. thiazides.Sulfonamides and potassium in combination.Quinethazone and potassium",C03BB02
"Cardiovascular system.Diuretics.Low-ceiling diuretics, excl. thiazides.Sulfonamides and potassium in combination.Clopamide and potassium",C03BB03
"Cardiovascular system.Diuretics.Low-ceiling diuretics, excl. thiazides.Sulfonamides and potassium in combination.Chlortalidone and potassium",C03BB04
"Cardiovascular system.Diuretics.Low-ceiling diuretics, excl. thiazides.Sulfonamides and potassium in combination.Mefruside and potassium",C03BB05
"Cardiovascular system.Diuretics.Low-ceiling diuretics, excl. thiazides.Sulfonamides and potassium in combination.Clofenamide and potassium",C03BB07
"Cardiovascular system.Diuretics.Low-ceiling diuretics, excl. thiazides.Mercurial diuretics",C03BC
"Cardiovascular system.Diuretics.Low-ceiling diuretics, excl. thiazides.Mercurial diuretics.Mersalyl",C03BC01
"Cardiovascular system.Diuretics.Low-ceiling diuretics, excl. thiazides.Xanthine derivatives",C03BD
"Cardiovascular system.Diuretics.Low-ceiling diuretics, excl. thiazides.Xanthine derivatives.Theobromine",C03BD01
Cardiovascular system.Diuretics.High-ceiling diuretics,C03C
"Cardiovascular system.Diuretics.High-ceiling diuretics.Sulfonamides, plain",C03CA
"Cardiovascular system.Diuretics.High-ceiling diuretics.Sulfonamides, plain.Furosemide",C03CA01
"Cardiovascular system.Diuretics.High-ceiling diuretics.Sulfonamides, plain.Bumetanide",C03CA02
"Cardiovascular system.Diuretics.High-ceiling diuretics.Sulfonamides, plain.Piretanide",C03CA03
"Cardiovascular system.Diuretics.High-ceiling diuretics.Sulfonamides, plain.Torasemide",C03CA04
Cardiovascular system.Diuretics.High-ceiling diuretics.Sulfonamides and potassium in combination,C03CB
Cardiovascular system.Diuretics.High-ceiling diuretics.Sulfonamides and potassium in combination.Furosemide and potassium,C03CB01
Cardiovascular system.Diuretics.High-ceiling diuretics.Sulfonamides and potassium in combination.Bumetanide and potassium,C03CB02
Cardiovascular system.Diuretics.High-ceiling diuretics.Aryloxyacetic acid derivatives,C03CC
Cardiovascular system.Diuretics.High-ceiling diuretics.Aryloxyacetic acid derivatives.Etacrynic acid,C03CC01
Cardiovascular system.Diuretics.High-ceiling diuretics.Aryloxyacetic acid derivatives.Tienilic acid,C03CC02
Cardiovascular system.Diuretics.Potassium-sparing agents,C03D
Cardiovascular system.Diuretics.Potassium-sparing agents.Aldosterone antagonists,C03DA
Cardiovascular system.Diuretics.Potassium-sparing agents.Aldosterone antagonists.Spironolactone,C03DA01
Cardiovascular system.Diuretics.Potassium-sparing agents.Aldosterone antagonists.Eplerenone,C03DA04
Cardiovascular system.Diuretics.Potassium-sparing agents.Other potassium-sparing agents,C03DB
Cardiovascular system.Diuretics.Potassium-sparing agents.Other potassium-sparing agents.Amiloride,C03DB01
Cardiovascular system.Diuretics.Potassium-sparing agents.Other potassium-sparing agents.Triamterene,C03DB02
Cardiovascular system.Diuretics.Diuretics and potassium-sparing agents in combination,C03E
Cardiovascular system.Diuretics.Diuretics and potassium-sparing agents in combination.Low-ceiling diuretics and potassium-sparing agents,C03EA
Cardiovascular system.Diuretics.Diuretics and potassium-sparing agents in combination.Low-ceiling diuretics and potassium-sparing agents.Hydrochlorothiazide and potassium-sparing agents,C03EA01
Cardiovascular system.Diuretics.Diuretics and potassium-sparing agents in combination.Low-ceiling diuretics and potassium-sparing agents.Trichlormethiazide and potassium-sparing agents,C03EA02
Cardiovascular system.Diuretics.Diuretics and potassium-sparing agents in combination.Low-ceiling diuretics and potassium-sparing agents.Chlortalidone and potassium-sparing agents,C03EA06
Cardiovascular system.Diuretics.Diuretics and potassium-sparing agents in combination.Low-ceiling diuretics and potassium-sparing agents.Metolazone and potassium-sparing agents,C03EA12
Cardiovascular system.Diuretics.Diuretics and potassium-sparing agents in combination.Low-ceiling diuretics and potassium-sparing agents.Bendroflumethiazide and potassium-sparing agents,C03EA13
Cardiovascular system.Diuretics.Diuretics and potassium-sparing agents in combination.High-ceiling diuretics and potassium-sparing agents,C03EB
Cardiovascular system.Diuretics.Diuretics and potassium-sparing agents in combination.High-ceiling diuretics and potassium-sparing agents.Furosemide and potassium-sparing agents,C03EB01
Cardiovascular system.Diuretics.Diuretics and potassium-sparing agents in combination.High-ceiling diuretics and potassium-sparing agents.Bumetanide and potassium-sparing agents,C03EB02
Cardiovascular system.Diuretics.Other diuretics,C03X
Cardiovascular system.Diuretics.Other diuretics.Vasopressin antagonists,C03XA
Cardiovascular system.Diuretics.Other diuretics.Vasopressin antagonists.Tolvaptan,C03XA01
Cardiovascular system.Diuretics.Other diuretics.Vasopressin antagonists.Conivaptan,C03XA02
Cardiovascular system.Peripheral vasodilators,C04
Cardiovascular system.Peripheral vasodilators.Peripheral vasodilators,C04A
Cardiovascular system.Peripheral vasodilators.Peripheral vasodilators.2-amino-1-phenylethanol derivatives,C04AA
Cardiovascular system.Peripheral vasodilators.Peripheral vasodilators.2-amino-1-phenylethanol derivatives.Buphenine,C04AA02
Cardiovascular system.Peripheral vasodilators.Peripheral vasodilators.Imidazoline derivatives,C04AB
Cardiovascular system.Peripheral vasodilators.Peripheral vasodilators.Imidazoline derivatives.Phentolamine,C04AB01
Cardiovascular system.Peripheral vasodilators.Peripheral vasodilators.Imidazoline derivatives.Tolazoline,C04AB02
Cardiovascular system.Peripheral vasodilators.Peripheral vasodilators.Nicotinic acid and derivatives,C04AC
Cardiovascular system.Peripheral vasodilators.Peripheral vasodilators.Nicotinic acid and derivatives.Nicotinic acid,C04AC01
Cardiovascular system.Peripheral vasodilators.Peripheral vasodilators.Nicotinic acid and derivatives.Inositol nicotinate,C04AC03
Cardiovascular system.Peripheral vasodilators.Peripheral vasodilators.Purine derivatives,C04AD
Cardiovascular system.Peripheral vasodilators.Peripheral vasodilators.Purine derivatives.Pentifylline,C04AD01
Cardiovascular system.Peripheral vasodilators.Peripheral vasodilators.Purine derivatives.Xantinol nicotinate,C04AD02
Cardiovascular system.Peripheral vasodilators.Peripheral vasodilators.Purine derivatives.Pentoxifylline,C04AD03
Cardiovascular system.Peripheral vasodilators.Peripheral vasodilators.Ergot alkaloids,C04AE
Cardiovascular system.Peripheral vasodilators.Peripheral vasodilators.Ergot alkaloids.Nicergoline,C04AE02
Cardiovascular system.Peripheral vasodilators.Peripheral vasodilators.Ergot alkaloids.Dihydroergocristine,C04AE04
"Cardiovascular system.Peripheral vasodilators.Peripheral vasodilators.Ergot alkaloids.Dihydroergocristine, combinations",C04AE54
Cardiovascular system.Peripheral vasodilators.Peripheral vasodilators.Other peripheral vasodilators,C04AX
Cardiovascular system.Peripheral vasodilators.Peripheral vasodilators.Other peripheral vasodilators.Cyclandelate,C04AX01
Cardiovascular system.Peripheral vasodilators.Peripheral vasodilators.Other peripheral vasodilators.Phenoxybenzamine,C04AX02
Cardiovascular system.Peripheral vasodilators.Peripheral vasodilators.Other peripheral vasodilators.Moxisylyte,C04AX10
Cardiovascular system.Peripheral vasodilators.Peripheral vasodilators.Other peripheral vasodilators.Bencyclane,C04AX11
Cardiovascular system.Peripheral vasodilators.Peripheral vasodilators.Other peripheral vasodilators.Ifenprodil,C04AX28
Cardiovascular system.Peripheral vasodilators.Peripheral vasodilators.Other peripheral vasodilators.Fasudil,C04AX32
Cardiovascular system.Vasoprotectives,C05
Cardiovascular system.Vasoprotectives.Agents for treatment of hemorrhoids and anal fissures for topical use,C05A
Cardiovascular system.Vasoprotectives.Agents for treatment of hemorrhoids and anal fissures for topical use.Corticosteroids,C05AA
Cardiovascular system.Vasoprotectives.Agents for treatment of hemorrhoids and anal fissures for topical use.Corticosteroids.Hydrocortisone,C05AA01
Cardiovascular system.Vasoprotectives.Agents for treatment of hemorrhoids and anal fissures for topical use.Corticosteroids.Prednisolone,C05AA04
Cardiovascular system.Vasoprotectives.Agents for treatment of hemorrhoids and anal fissures for topical use.Corticosteroids.Betamethasone,C05AA05
Cardiovascular system.Vasoprotectives.Agents for treatment of hemorrhoids and anal fissures for topical use.Corticosteroids.Fluorometholone,C05AA06
Cardiovascular system.Vasoprotectives.Agents for treatment of hemorrhoids and anal fissures for topical use.Corticosteroids.Fluocortolone,C05AA08
Cardiovascular system.Vasoprotectives.Agents for treatment of hemorrhoids and anal fissures for topical use.Corticosteroids.Dexamethasone,C05AA09
Cardiovascular system.Vasoprotectives.Agents for treatment of hemorrhoids and anal fissures for topical use.Corticosteroids.Fluocinolone acetonide,C05AA10
Cardiovascular system.Vasoprotectives.Agents for treatment of hemorrhoids and anal fissures for topical use.Corticosteroids.Fluocinonide,C05AA11
Cardiovascular system.Vasoprotectives.Agents for treatment of hemorrhoids and anal fissures for topical use.Corticosteroids.Triamcinolone,C05AA12
Cardiovascular system.Vasoprotectives.Agents for treatment of hemorrhoids and anal fissures for topical use.Local anesthetics,C05AD
Cardiovascular system.Vasoprotectives.Agents for treatment of hemorrhoids and anal fissures for topical use.Local anesthetics.Lidocaine,C05AD01
Cardiovascular system.Vasoprotectives.Agents for treatment of hemorrhoids and anal fissures for topical use.Local anesthetics.Tetracaine,C05AD02
Cardiovascular system.Vasoprotectives.Agents for treatment of hemorrhoids and anal fissures for topical use.Local anesthetics.Benzocaine,C05AD03
Cardiovascular system.Vasoprotectives.Agents for treatment of hemorrhoids and anal fissures for topical use.Local anesthetics.Cinchocaine,C05AD04
Cardiovascular system.Vasoprotectives.Agents for treatment of hemorrhoids and anal fissures for topical use.Local anesthetics.Procaine,C05AD05
Cardiovascular system.Vasoprotectives.Agents for treatment of hemorrhoids and anal fissures for topical use.Local anesthetics.Oxetacaine,C05AD06
Cardiovascular system.Vasoprotectives.Agents for treatment of hemorrhoids and anal fissures for topical use.Local anesthetics.Pramocaine,C05AD07
Cardiovascular system.Vasoprotectives.Agents for treatment of hemorrhoids and anal fissures for topical use.Muscle relaxants,C05AE
Cardiovascular system.Vasoprotectives.Agents for treatment of hemorrhoids and anal fissures for topical use.Muscle relaxants.Glyceryl trinitrate,C05AE01
Cardiovascular system.Vasoprotectives.Agents for treatment of hemorrhoids and anal fissures for topical use.Muscle relaxants.Isosorbide dinitrate,C05AE02
Cardiovascular system.Vasoprotectives.Agents for treatment of hemorrhoids and anal fissures for topical use.Muscle relaxants.Diltiazem,C05AE03
Cardiovascular system.Vasoprotectives.Agents for treatment of hemorrhoids and anal fissures for topical use.Other agents for treatment of hemorrhoids and anal fissures for topical use,C05AX
Cardiovascular system.Vasoprotectives.Agents for treatment of hemorrhoids and anal fissures for topical use.Other agents for treatment of hemorrhoids and anal fissures for topical use.Zinc preparations,C05AX04
Cardiovascular system.Vasoprotectives.Antivaricose therapy,C05B
Cardiovascular system.Vasoprotectives.Antivaricose therapy.Heparins or heparinoids for topical use,C05BA
Cardiovascular system.Vasoprotectives.Antivaricose therapy.Heparins or heparinoids for topical use.Heparin,C05BA03
Cardiovascular system.Vasoprotectives.Antivaricose therapy.Heparins or heparinoids for topical use.Pentosan polysulfate sodium,C05BA04
"Cardiovascular system.Vasoprotectives.Antivaricose therapy.Heparins or heparinoids for topical use.Heparin, combinations",C05BA53
Cardiovascular system.Vasoprotectives.Antivaricose therapy.Sclerosing agents for local injection,C05BB
Cardiovascular system.Vasoprotectives.Antivaricose therapy.Sclerosing agents for local injection.Monoethanolamine oleate,C05BB01
Cardiovascular system.Vasoprotectives.Antivaricose therapy.Sclerosing agents for local injection.Invert sugar,C05BB03
Cardiovascular system.Vasoprotectives.Antivaricose therapy.Sclerosing agents for local injection.Sodium tetradecyl sulfate,C05BB04
Cardiovascular system.Vasoprotectives.Antivaricose therapy.Sclerosing agents for local injection.Phenol,C05BB05
Cardiovascular system.Vasoprotectives.Capillary stabilizing agents,C05C
Cardiovascular system.Vasoprotectives.Capillary stabilizing agents.Bioflavonoids,C05CA
Cardiovascular system.Vasoprotectives.Capillary stabilizing agents.Bioflavonoids.Rutoside,C05CA01
Cardiovascular system.Vasoprotectives.Capillary stabilizing agents.Bioflavonoids.Diosmin,C05CA03
"Cardiovascular system.Vasoprotectives.Capillary stabilizing agents.Bioflavonoids.Rutoside, combinations",C05CA51
"Cardiovascular system.Vasoprotectives.Capillary stabilizing agents.Bioflavonoids.Diosmin, combinations",C05CA53
Cardiovascular system.Beta blocking agents,C07
Cardiovascular system.Beta blocking agents.Beta blocking agents,C07A
"Cardiovascular system.Beta blocking agents.Beta blocking agents.Beta blocking agents, non-selective",C07AA
"Cardiovascular system.Beta blocking agents.Beta blocking agents.Beta blocking agents, non-selective.Alprenolol",C07AA01
"Cardiovascular system.Beta blocking agents.Beta blocking agents.Beta blocking agents, non-selective.Oxprenolol",C07AA02
"Cardiovascular system.Beta blocking agents.Beta blocking agents.Beta blocking agents, non-selective.Pindolol",C07AA03
"Cardiovascular system.Beta blocking agents.Beta blocking agents.Beta blocking agents, non-selective.Propranolol",C07AA05
"Cardiovascular system.Beta blocking agents.Beta blocking agents.Beta blocking agents, non-selective.Timolol",C07AA06
"Cardiovascular system.Beta blocking agents.Beta blocking agents.Beta blocking agents, non-selective.Sotalol",C07AA07
"Cardiovascular system.Beta blocking agents.Beta blocking agents.Beta blocking agents, non-selective.Nadolol",C07AA12
"Cardiovascular system.Beta blocking agents.Beta blocking agents.Beta blocking agents, non-selective.Mepindolol",C07AA14
"Cardiovascular system.Beta blocking agents.Beta blocking agents.Beta blocking agents, non-selective.Carteolol",C07AA15
"Cardiovascular system.Beta blocking agents.Beta blocking agents.Beta blocking agents, non-selective.Tertatolol",C07AA16
"Cardiovascular system.Beta blocking agents.Beta blocking agents.Beta blocking agents, non-selective.Bopindolol",C07AA17
"Cardiovascular system.Beta blocking agents.Beta blocking agents.Beta blocking agents, non-selective.Bupranolol",C07AA19
"Cardiovascular system.Beta blocking agents.Beta blocking agents.Beta blocking agents, non-selective.Penbutolol",C07AA23
"Cardiovascular system.Beta blocking agents.Beta blocking agents.Beta blocking agents, non-selective.Cloranolol",C07AA27
"Cardiovascular system.Beta blocking agents.Beta blocking agents.Beta blocking agents, selective",C07AB
"Cardiovascular system.Beta blocking agents.Beta blocking agents.Beta blocking agents, selective.Practolol",C07AB01
"Cardiovascular system.Beta blocking agents.Beta blocking agents.Beta blocking agents, selective.Metoprolol",C07AB02
"Cardiovascular system.Beta blocking agents.Beta blocking agents.Beta blocking agents, selective.Atenolol",C07AB03
"Cardiovascular system.Beta blocking agents.Beta blocking agents.Beta blocking agents, selective.Acebutolol",C07AB04
"Cardiovascular system.Beta blocking agents.Beta blocking agents.Beta blocking agents, selective.Betaxolol",C07AB05
"Cardiovascular system.Beta blocking agents.Beta blocking agents.Beta blocking agents, selective.Bevantolol",C07AB06
"Cardiovascular system.Beta blocking agents.Beta blocking agents.Beta blocking agents, selective.Bisoprolol",C07AB07
"Cardiovascular system.Beta blocking agents.Beta blocking agents.Beta blocking agents, selective.Celiprolol",C07AB08
"Cardiovascular system.Beta blocking agents.Beta blocking agents.Beta blocking agents, selective.Esmolol",C07AB09
"Cardiovascular system.Beta blocking agents.Beta blocking agents.Beta blocking agents, selective.Epanolol",C07AB10
"Cardiovascular system.Beta blocking agents.Beta blocking agents.Beta blocking agents, selective.S-atenolol",C07AB11
"Cardiovascular system.Beta blocking agents.Beta blocking agents.Beta blocking agents, selective.Nebivolol",C07AB12
"Cardiovascular system.Beta blocking agents.Beta blocking agents.Beta blocking agents, selective.Talinolol",C07AB13
"Cardiovascular system.Beta blocking agents.Beta blocking agents.Beta blocking agents, selective.Landiolol",C07AB14
Cardiovascular system.Beta blocking agents.Beta blocking agents.Alpha and beta blocking agents,C07AG
Cardiovascular system.Beta blocking agents.Beta blocking agents.Alpha and beta blocking agents.Labetalol,C07AG01
Cardiovascular system.Beta blocking agents.Beta blocking agents.Alpha and beta blocking agents.Carvedilol,C07AG02
Cardiovascular system.Beta blocking agents.Beta blocking agents and thiazides,C07B
"Cardiovascular system.Beta blocking agents.Beta blocking agents and thiazides.Beta blocking agents, non-selective, and thiazides",C07BA
"Cardiovascular system.Beta blocking agents.Beta blocking agents and thiazides.Beta blocking agents, non-selective, and thiazides.Oxprenolol and thiazides",C07BA02
"Cardiovascular system.Beta blocking agents.Beta blocking agents and thiazides.Beta blocking agents, non-selective, and thiazides.Propranolol and thiazides",C07BA05
"Cardiovascular system.Beta blocking agents.Beta blocking agents and thiazides.Beta blocking agents, non-selective, and thiazides.Timolol and thiazides",C07BA06
"Cardiovascular system.Beta blocking agents.Beta blocking agents and thiazides.Beta blocking agents, non-selective, and thiazides.Sotalol and thiazides",C07BA07
"Cardiovascular system.Beta blocking agents.Beta blocking agents and thiazides.Beta blocking agents, non-selective, and thiazides.Nadolol and thiazides",C07BA12
"Cardiovascular system.Beta blocking agents.Beta blocking agents and thiazides.Beta blocking agents, non-selective, and thiazides.Metipranolol and thiazides, combinations",C07BA68
"Cardiovascular system.Beta blocking agents.Beta blocking agents and thiazides.Beta blocking agents, selective, and thiazides",C07BB
"Cardiovascular system.Beta blocking agents.Beta blocking agents and thiazides.Beta blocking agents, selective, and thiazides.Metoprolol and thiazides",C07BB02
"Cardiovascular system.Beta blocking agents.Beta blocking agents and thiazides.Beta blocking agents, selective, and thiazides.Atenolol and thiazides",C07BB03
"Cardiovascular system.Beta blocking agents.Beta blocking agents and thiazides.Beta blocking agents, selective, and thiazides.Acebutolol and thiazides",C07BB04
"Cardiovascular system.Beta blocking agents.Beta blocking agents and thiazides.Beta blocking agents, selective, and thiazides.Bevantolol and thiazides",C07BB06
"Cardiovascular system.Beta blocking agents.Beta blocking agents and thiazides.Beta blocking agents, selective, and thiazides.Bisoprolol and thiazides",C07BB07
"Cardiovascular system.Beta blocking agents.Beta blocking agents and thiazides.Beta blocking agents, selective, and thiazides.Nebivolol and thiazides",C07BB12
"Cardiovascular system.Beta blocking agents.Beta blocking agents and thiazides.Beta blocking agents, selective, and thiazides.Metoprolol and thiazides, combinations",C07BB52
Cardiovascular system.Beta blocking agents.Beta blocking agents and thiazides.Alpha and beta blocking agents and thiazides,C07BG
Cardiovascular system.Beta blocking agents.Beta blocking agents and thiazides.Alpha and beta blocking agents and thiazides.Labetalol and thiazides,C07BG01
Cardiovascular system.Beta blocking agents.Beta blocking agents and other diuretics,C07C
"Cardiovascular system.Beta blocking agents.Beta blocking agents and other diuretics.Beta blocking agents, non-selective, and other diuretics",C07CA
"Cardiovascular system.Beta blocking agents.Beta blocking agents and other diuretics.Beta blocking agents, non-selective, and other diuretics.Oxprenolol and other diuretics",C07CA02
"Cardiovascular system.Beta blocking agents.Beta blocking agents and other diuretics.Beta blocking agents, non-selective, and other diuretics.Pindolol and other diuretics",C07CA03
"Cardiovascular system.Beta blocking agents.Beta blocking agents and other diuretics.Beta blocking agents, non-selective, and other diuretics.Bopindolol and other diuretics",C07CA17
"Cardiovascular system.Beta blocking agents.Beta blocking agents and other diuretics.Beta blocking agents, non-selective, and other diuretics.Penbutolol and other diuretics",C07CA23
"Cardiovascular system.Beta blocking agents.Beta blocking agents and other diuretics.Beta blocking agents, selective, and other diuretics",C07CB
"Cardiovascular system.Beta blocking agents.Beta blocking agents and other diuretics.Beta blocking agents, selective, and other diuretics.Metoprolol and other diuretics",C07CB02
"Cardiovascular system.Beta blocking agents.Beta blocking agents and other diuretics.Beta blocking agents, selective, and other diuretics.Atenolol and other diuretics",C07CB03
"Cardiovascular system.Beta blocking agents.Beta blocking agents and other diuretics.Beta blocking agents, selective, and other diuretics.Atenolol and other diuretics, combinations",C07CB53
Cardiovascular system.Beta blocking agents.Beta blocking agents and other diuretics.Alpha and beta blocking agents and other diuretics,C07CG
Cardiovascular system.Beta blocking agents.Beta blocking agents and other diuretics.Alpha and beta blocking agents and other diuretics.Labetalol and other diuretics,C07CG01
"Cardiovascular system.Beta blocking agents.Beta blocking agents, thiazides and other diuretics",C07D
"Cardiovascular system.Beta blocking agents.Beta blocking agents, thiazides and other diuretics.Beta blocking agents, non-selective, thiazides and other diuretics",C07DA
"Cardiovascular system.Beta blocking agents.Beta blocking agents, thiazides and other diuretics.Beta blocking agents, non-selective, thiazides and other diuretics.Timolol, thiazides and other diuretics",C07DA06
"Cardiovascular system.Beta blocking agents.Beta blocking agents, thiazides and other diuretics.Beta blocking agents, selective, thiazides and other diuretics",C07DB
"Cardiovascular system.Beta blocking agents.Beta blocking agents, thiazides and other diuretics.Beta blocking agents, selective, thiazides and other diuretics.Atenolol, thiazides and other diuretics",C07DB01
"Cardiovascular system.Beta blocking agents.Beta blocking agents, other combinations",C07F
"Cardiovascular system.Beta blocking agents.Beta blocking agents, other combinations.Beta blocking agents and calcium channel blockers",C07FB
"Cardiovascular system.Beta blocking agents.Beta blocking agents, other combinations.Beta blocking agents and calcium channel blockers.Metoprolol and felodipine",C07FB02
"Cardiovascular system.Beta blocking agents.Beta blocking agents, other combinations.Beta blocking agents and calcium channel blockers.Atenolol and nifedipine",C07FB03
"Cardiovascular system.Beta blocking agents.Beta blocking agents, other combinations.Beta blocking agents and calcium channel blockers.Bisoprolol and amlodipine",C07FB07
"Cardiovascular system.Beta blocking agents.Beta blocking agents, other combinations.Beta blocking agents and calcium channel blockers.Nebivolol and amlodipine",C07FB12
"Cardiovascular system.Beta blocking agents.Beta blocking agents, other combinations.Beta blocking agents and calcium channel blockers.Metoprolol and amlodipine",C07FB13
"Cardiovascular system.Beta blocking agents.Beta blocking agents, other combinations.Beta blocking agents, other combinations",C07FX
"Cardiovascular system.Beta blocking agents.Beta blocking agents, other combinations.Beta blocking agents, other combinations.Propranolol and other combinations",C07FX01
"Cardiovascular system.Beta blocking agents.Beta blocking agents, other combinations.Beta blocking agents, other combinations.Sotalol and acetylsalicylic acid",C07FX02
"Cardiovascular system.Beta blocking agents.Beta blocking agents, other combinations.Beta blocking agents, other combinations.Metoprolol and acetylsalicylic acid",C07FX03
"Cardiovascular system.Beta blocking agents.Beta blocking agents, other combinations.Beta blocking agents, other combinations.Bisoprolol and acetylsalicylic acid",C07FX04
"Cardiovascular system.Beta blocking agents.Beta blocking agents, other combinations.Beta blocking agents, other combinations.Metoprolol and ivabradine",C07FX05
"Cardiovascular system.Beta blocking agents.Beta blocking agents, other combinations.Beta blocking agents, other combinations.Carvedilol and ivabradine",C07FX06
Cardiovascular system.Calcium channel blockers,C08
Cardiovascular system.Calcium channel blockers.Selective calcium channel blockers with mainly vascular effects,C08C
Cardiovascular system.Calcium channel blockers.Selective calcium channel blockers with mainly vascular effects.Dihydropyridine derivatives,C08CA
Cardiovascular system.Calcium channel blockers.Selective calcium channel blockers with mainly vascular effects.Dihydropyridine derivatives.Amlodipine,C08CA01
Cardiovascular system.Calcium channel blockers.Selective calcium channel blockers with mainly vascular effects.Dihydropyridine derivatives.Felodipine,C08CA02
Cardiovascular system.Calcium channel blockers.Selective calcium channel blockers with mainly vascular effects.Dihydropyridine derivatives.Isradipine,C08CA03
Cardiovascular system.Calcium channel blockers.Selective calcium channel blockers with mainly vascular effects.Dihydropyridine derivatives.Nicardipine,C08CA04
Cardiovascular system.Calcium channel blockers.Selective calcium channel blockers with mainly vascular effects.Dihydropyridine derivatives.Nifedipine,C08CA05
Cardiovascular system.Calcium channel blockers.Selective calcium channel blockers with mainly vascular effects.Dihydropyridine derivatives.Nimodipine,C08CA06
Cardiovascular system.Calcium channel blockers.Selective calcium channel blockers with mainly vascular effects.Dihydropyridine derivatives.Nisoldipine,C08CA07
Cardiovascular system.Calcium channel blockers.Selective calcium channel blockers with mainly vascular effects.Dihydropyridine derivatives.Nitrendipine,C08CA08
Cardiovascular system.Calcium channel blockers.Selective calcium channel blockers with mainly vascular effects.Dihydropyridine derivatives.Lacidipine,C08CA09
Cardiovascular system.Calcium channel blockers.Selective calcium channel blockers with mainly vascular effects.Dihydropyridine derivatives.Nilvadipine,C08CA10
Cardiovascular system.Calcium channel blockers.Selective calcium channel blockers with mainly vascular effects.Dihydropyridine derivatives.Manidipine,C08CA11
Cardiovascular system.Calcium channel blockers.Selective calcium channel blockers with mainly vascular effects.Dihydropyridine derivatives.Barnidipine,C08CA12
Cardiovascular system.Calcium channel blockers.Selective calcium channel blockers with mainly vascular effects.Dihydropyridine derivatives.Lercanidipine,C08CA13
Cardiovascular system.Calcium channel blockers.Selective calcium channel blockers with mainly vascular effects.Dihydropyridine derivatives.Cilnidipine,C08CA14
Cardiovascular system.Calcium channel blockers.Selective calcium channel blockers with mainly vascular effects.Dihydropyridine derivatives.Benidipine,C08CA15
Cardiovascular system.Calcium channel blockers.Selective calcium channel blockers with mainly vascular effects.Dihydropyridine derivatives.Clevidipine,C08CA16
Cardiovascular system.Calcium channel blockers.Selective calcium channel blockers with mainly vascular effects.Dihydropyridine derivatives.Amlodipine and celecoxib,C08CA51
"Cardiovascular system.Calcium channel blockers.Selective calcium channel blockers with mainly vascular effects.Dihydropyridine derivatives.Nifedipine, combinations",C08CA55
Cardiovascular system.Calcium channel blockers.Selective calcium channel blockers with mainly vascular effects.Other selective calcium channel blockers with mainly vascular effects,C08CX
Cardiovascular system.Calcium channel blockers.Selective calcium channel blockers with mainly vascular effects.Other selective calcium channel blockers with mainly vascular effects.Mibefradil,C08CX01
Cardiovascular system.Calcium channel blockers.Selective calcium channel blockers with direct cardiac effects,C08D
Cardiovascular system.Calcium channel blockers.Selective calcium channel blockers with direct cardiac effects.Phenylalkylamine derivatives,C08DA
Cardiovascular system.Calcium channel blockers.Selective calcium channel blockers with direct cardiac effects.Phenylalkylamine derivatives.Verapamil,C08DA01
Cardiovascular system.Calcium channel blockers.Selective calcium channel blockers with direct cardiac effects.Phenylalkylamine derivatives.Gallopamil,C08DA02
"Cardiovascular system.Calcium channel blockers.Selective calcium channel blockers with direct cardiac effects.Phenylalkylamine derivatives.Verapamil, combinations",C08DA51
Cardiovascular system.Calcium channel blockers.Selective calcium channel blockers with direct cardiac effects.Benzothiazepine derivatives,C08DB
Cardiovascular system.Calcium channel blockers.Selective calcium channel blockers with direct cardiac effects.Benzothiazepine derivatives.Diltiazem,C08DB01
Cardiovascular system.Calcium channel blockers.Non-selective calcium channel blockers,C08E
Cardiovascular system.Calcium channel blockers.Non-selective calcium channel blockers.Phenylalkylamine derivatives,C08EA
Cardiovascular system.Calcium channel blockers.Non-selective calcium channel blockers.Phenylalkylamine derivatives.Fendiline,C08EA01
Cardiovascular system.Calcium channel blockers.Non-selective calcium channel blockers.Phenylalkylamine derivatives.Bepridil,C08EA02
Cardiovascular system.Calcium channel blockers.Non-selective calcium channel blockers.Other non-selective calcium channel blockers,C08EX
Cardiovascular system.Calcium channel blockers.Non-selective calcium channel blockers.Other non-selective calcium channel blockers.Lidoflazine,C08EX01
Cardiovascular system.Calcium channel blockers.Non-selective calcium channel blockers.Other non-selective calcium channel blockers.Perhexiline,C08EX02
Cardiovascular system.Calcium channel blockers.Calcium channel blockers and diuretics,C08G
Cardiovascular system.Calcium channel blockers.Calcium channel blockers and diuretics.Calcium channel blockers and diuretics,C08GA
Cardiovascular system.Calcium channel blockers.Calcium channel blockers and diuretics.Calcium channel blockers and diuretics.Nifedipine and diuretics,C08GA01
Cardiovascular system.Calcium channel blockers.Calcium channel blockers and diuretics.Calcium channel blockers and diuretics.Amlodipine and diuretics,C08GA02
Cardiovascular system.Agents acting on the renin-angiotensin system,C09
"Cardiovascular system.Agents acting on the renin-angiotensin system.Ace inhibitors, plain",C09A
"Cardiovascular system.Agents acting on the renin-angiotensin system.Ace inhibitors, plain.Ace inhibitors, plain",C09AA
"Cardiovascular system.Agents acting on the renin-angiotensin system.Ace inhibitors, plain.Ace inhibitors, plain.Captopril",C09AA01
"Cardiovascular system.Agents acting on the renin-angiotensin system.Ace inhibitors, plain.Ace inhibitors, plain.Enalapril",C09AA02
"Cardiovascular system.Agents acting on the renin-angiotensin system.Ace inhibitors, plain.Ace inhibitors, plain.Lisinopril",C09AA03
"Cardiovascular system.Agents acting on the renin-angiotensin system.Ace inhibitors, plain.Ace inhibitors, plain.Perindopril",C09AA04
"Cardiovascular system.Agents acting on the renin-angiotensin system.Ace inhibitors, plain.Ace inhibitors, plain.Ramipril",C09AA05
"Cardiovascular system.Agents acting on the renin-angiotensin system.Ace inhibitors, plain.Ace inhibitors, plain.Quinapril",C09AA06
"Cardiovascular system.Agents acting on the renin-angiotensin system.Ace inhibitors, plain.Ace inhibitors, plain.Benazepril",C09AA07
"Cardiovascular system.Agents acting on the renin-angiotensin system.Ace inhibitors, plain.Ace inhibitors, plain.Cilazapril",C09AA08
"Cardiovascular system.Agents acting on the renin-angiotensin system.Ace inhibitors, plain.Ace inhibitors, plain.Fosinopril",C09AA09
"Cardiovascular system.Agents acting on the renin-angiotensin system.Ace inhibitors, plain.Ace inhibitors, plain.Trandolapril",C09AA10
"Cardiovascular system.Agents acting on the renin-angiotensin system.Ace inhibitors, plain.Ace inhibitors, plain.Spirapril",C09AA11
"Cardiovascular system.Agents acting on the renin-angiotensin system.Ace inhibitors, plain.Ace inhibitors, plain.Moexipril",C09AA13
"Cardiovascular system.Agents acting on the renin-angiotensin system.Ace inhibitors, plain.Ace inhibitors, plain.Temocapril",C09AA14
"Cardiovascular system.Agents acting on the renin-angiotensin system.Ace inhibitors, plain.Ace inhibitors, plain.Zofenopril",C09AA15
"Cardiovascular system.Agents acting on the renin-angiotensin system.Ace inhibitors, combinations",C09B
"Cardiovascular system.Agents acting on the renin-angiotensin system.Ace inhibitors, combinations.Ace inhibitors and diuretics",C09BA
"Cardiovascular system.Agents acting on the renin-angiotensin system.Ace inhibitors, combinations.Ace inhibitors and diuretics.Captopril and diuretics",C09BA01
"Cardiovascular system.Agents acting on the renin-angiotensin system.Ace inhibitors, combinations.Ace inhibitors and diuretics.Enalapril and diuretics",C09BA02
"Cardiovascular system.Agents acting on the renin-angiotensin system.Ace inhibitors, combinations.Ace inhibitors and diuretics.Lisinopril and diuretics",C09BA03
"Cardiovascular system.Agents acting on the renin-angiotensin system.Ace inhibitors, combinations.Ace inhibitors and diuretics.Perindopril and diuretics",C09BA04
"Cardiovascular system.Agents acting on the renin-angiotensin system.Ace inhibitors, combinations.Ace inhibitors and diuretics.Ramipril and diuretics",C09BA05
"Cardiovascular system.Agents acting on the renin-angiotensin system.Ace inhibitors, combinations.Ace inhibitors and diuretics.Quinapril and diuretics",C09BA06
"Cardiovascular system.Agents acting on the renin-angiotensin system.Ace inhibitors, combinations.Ace inhibitors and diuretics.Benazepril and diuretics",C09BA07
"Cardiovascular system.Agents acting on the renin-angiotensin system.Ace inhibitors, combinations.Ace inhibitors and diuretics.Cilazapril and diuretics",C09BA08
"Cardiovascular system.Agents acting on the renin-angiotensin system.Ace inhibitors, combinations.Ace inhibitors and diuretics.Fosinopril and diuretics",C09BA09
"Cardiovascular system.Agents acting on the renin-angiotensin system.Ace inhibitors, combinations.Ace inhibitors and diuretics.Moexipril and diuretics",C09BA13
"Cardiovascular system.Agents acting on the renin-angiotensin system.Ace inhibitors, combinations.Ace inhibitors and diuretics.Zofenopril and diuretics",C09BA15
"Cardiovascular system.Agents acting on the renin-angiotensin system.Ace inhibitors, combinations.Ace inhibitors and calcium channel blockers",C09BB
"Cardiovascular system.Agents acting on the renin-angiotensin system.Ace inhibitors, combinations.Ace inhibitors and calcium channel blockers.Enalapril and lercanidipine",C09BB02
"Cardiovascular system.Agents acting on the renin-angiotensin system.Ace inhibitors, combinations.Ace inhibitors and calcium channel blockers.Lisinopril and amlodipine",C09BB03
"Cardiovascular system.Agents acting on the renin-angiotensin system.Ace inhibitors, combinations.Ace inhibitors and calcium channel blockers.Perindopril and amlodipine",C09BB04
"Cardiovascular system.Agents acting on the renin-angiotensin system.Ace inhibitors, combinations.Ace inhibitors and calcium channel blockers.Ramipril and felodipine",C09BB05
"Cardiovascular system.Agents acting on the renin-angiotensin system.Ace inhibitors, combinations.Ace inhibitors and calcium channel blockers.Enalapril and nitrendipine",C09BB06
"Cardiovascular system.Agents acting on the renin-angiotensin system.Ace inhibitors, combinations.Ace inhibitors and calcium channel blockers.Ramipril and amlodipine",C09BB07
"Cardiovascular system.Agents acting on the renin-angiotensin system.Ace inhibitors, combinations.Ace inhibitors and calcium channel blockers.Trandolapril and verapamil",C09BB10
"Cardiovascular system.Agents acting on the renin-angiotensin system.Ace inhibitors, combinations.Ace inhibitors and calcium channel blockers.Delapril and manidipine",C09BB12
"Cardiovascular system.Agents acting on the renin-angiotensin system.Ace inhibitors, combinations.Ace inhibitors, other combinations",C09BX
"Cardiovascular system.Agents acting on the renin-angiotensin system.Ace inhibitors, combinations.Ace inhibitors, other combinations.Perindopril, amlodipine and indapamide",C09BX01
"Cardiovascular system.Agents acting on the renin-angiotensin system.Ace inhibitors, combinations.Ace inhibitors, other combinations.Perindopril and bisoprolol",C09BX02
"Cardiovascular system.Agents acting on the renin-angiotensin system.Ace inhibitors, combinations.Ace inhibitors, other combinations.Ramipril, amlodipine and hydrochlorothiazide",C09BX03
"Cardiovascular system.Agents acting on the renin-angiotensin system.Ace inhibitors, combinations.Ace inhibitors, other combinations.Perindopril, bisoprolol and amlodipine",C09BX04
"Cardiovascular system.Agents acting on the renin-angiotensin system.Angiotensin ii receptor blockers (arbs), plain",C09C
"Cardiovascular system.Agents acting on the renin-angiotensin system.Angiotensin ii receptor blockers (arbs), plain.Angiotensin ii receptor blockers (arbs), plain",C09CA
"Cardiovascular system.Agents acting on the renin-angiotensin system.Angiotensin ii receptor blockers (arbs), plain.Angiotensin ii receptor blockers (arbs), plain.Losartan",C09CA01
"Cardiovascular system.Agents acting on the renin-angiotensin system.Angiotensin ii receptor blockers (arbs), plain.Angiotensin ii receptor blockers (arbs), plain.Eprosartan",C09CA02
"Cardiovascular system.Agents acting on the renin-angiotensin system.Angiotensin ii receptor blockers (arbs), plain.Angiotensin ii receptor blockers (arbs), plain.Valsartan",C09CA03
"Cardiovascular system.Agents acting on the renin-angiotensin system.Angiotensin ii receptor blockers (arbs), plain.Angiotensin ii receptor blockers (arbs), plain.Irbesartan",C09CA04
"Cardiovascular system.Agents acting on the renin-angiotensin system.Angiotensin ii receptor blockers (arbs), plain.Angiotensin ii receptor blockers (arbs), plain.Tasosartan",C09CA05
"Cardiovascular system.Agents acting on the renin-angiotensin system.Angiotensin ii receptor blockers (arbs), plain.Angiotensin ii receptor blockers (arbs), plain.Candesartan",C09CA06
"Cardiovascular system.Agents acting on the renin-angiotensin system.Angiotensin ii receptor blockers (arbs), plain.Angiotensin ii receptor blockers (arbs), plain.Telmisartan",C09CA07
"Cardiovascular system.Agents acting on the renin-angiotensin system.Angiotensin ii receptor blockers (arbs), plain.Angiotensin ii receptor blockers (arbs), plain.Olmesartan medoxomil",C09CA08
"Cardiovascular system.Agents acting on the renin-angiotensin system.Angiotensin ii receptor blockers (arbs), plain.Angiotensin ii receptor blockers (arbs), plain.Azilsartan medoxomil",C09CA09
"Cardiovascular system.Agents acting on the renin-angiotensin system.Angiotensin ii receptor blockers (arbs), plain.Angiotensin ii receptor blockers (arbs), plain.Fimasartan",C09CA10
"Cardiovascular system.Agents acting on the renin-angiotensin system.Angiotensin ii receptor blockers (arbs), combinations",C09D
"Cardiovascular system.Agents acting on the renin-angiotensin system.Angiotensin ii receptor blockers (arbs), combinations.Angiotensin ii receptor blockers (arbs) and diuretics",C09DA
"Cardiovascular system.Agents acting on the renin-angiotensin system.Angiotensin ii receptor blockers (arbs), combinations.Angiotensin ii receptor blockers (arbs) and diuretics.Losartan and diuretics",C09DA01
"Cardiovascular system.Agents acting on the renin-angiotensin system.Angiotensin ii receptor blockers (arbs), combinations.Angiotensin ii receptor blockers (arbs) and diuretics.Eprosartan and diuretics",C09DA02
"Cardiovascular system.Agents acting on the renin-angiotensin system.Angiotensin ii receptor blockers (arbs), combinations.Angiotensin ii receptor blockers (arbs) and diuretics.Valsartan and diuretics",C09DA03
"Cardiovascular system.Agents acting on the renin-angiotensin system.Angiotensin ii receptor blockers (arbs), combinations.Angiotensin ii receptor blockers (arbs) and diuretics.Irbesartan and diuretics",C09DA04
"Cardiovascular system.Agents acting on the renin-angiotensin system.Angiotensin ii receptor blockers (arbs), combinations.Angiotensin ii receptor blockers (arbs) and diuretics.Candesartan and diuretics",C09DA06
"Cardiovascular system.Agents acting on the renin-angiotensin system.Angiotensin ii receptor blockers (arbs), combinations.Angiotensin ii receptor blockers (arbs) and diuretics.Telmisartan and diuretics",C09DA07
"Cardiovascular system.Agents acting on the renin-angiotensin system.Angiotensin ii receptor blockers (arbs), combinations.Angiotensin ii receptor blockers (arbs) and diuretics.Olmesartan medoxomil and diuretics",C09DA08
"Cardiovascular system.Agents acting on the renin-angiotensin system.Angiotensin ii receptor blockers (arbs), combinations.Angiotensin ii receptor blockers (arbs) and diuretics.Azilsartan medoxomil and diuretics",C09DA09
"Cardiovascular system.Agents acting on the renin-angiotensin system.Angiotensin ii receptor blockers (arbs), combinations.Angiotensin ii receptor blockers (arbs) and diuretics.Fimasartan and diuretics",C09DA10
"Cardiovascular system.Agents acting on the renin-angiotensin system.Angiotensin ii receptor blockers (arbs), combinations.Angiotensin ii receptor blockers (arbs) and calcium channel blockers",C09DB
"Cardiovascular system.Agents acting on the renin-angiotensin system.Angiotensin ii receptor blockers (arbs), combinations.Angiotensin ii receptor blockers (arbs) and calcium channel blockers.Valsartan and amlodipine",C09DB01
"Cardiovascular system.Agents acting on the renin-angiotensin system.Angiotensin ii receptor blockers (arbs), combinations.Angiotensin ii receptor blockers (arbs) and calcium channel blockers.Olmesartan medoxomil and amlodipine",C09DB02
"Cardiovascular system.Agents acting on the renin-angiotensin system.Angiotensin ii receptor blockers (arbs), combinations.Angiotensin ii receptor blockers (arbs) and calcium channel blockers.Telmisartan and amlodipine",C09DB04
"Cardiovascular system.Agents acting on the renin-angiotensin system.Angiotensin ii receptor blockers (arbs), combinations.Angiotensin ii receptor blockers (arbs) and calcium channel blockers.Irbesartan and amlodipine",C09DB05
"Cardiovascular system.Agents acting on the renin-angiotensin system.Angiotensin ii receptor blockers (arbs), combinations.Angiotensin ii receptor blockers (arbs) and calcium channel blockers.Losartan and amlodipine",C09DB06
"Cardiovascular system.Agents acting on the renin-angiotensin system.Angiotensin ii receptor blockers (arbs), combinations.Angiotensin ii receptor blockers (arbs) and calcium channel blockers.Candesartan and amlodipine",C09DB07
"Cardiovascular system.Agents acting on the renin-angiotensin system.Angiotensin ii receptor blockers (arbs), combinations.Angiotensin ii receptor blockers (arbs) and calcium channel blockers.Valsartan and lercanidipine",C09DB08
"Cardiovascular system.Agents acting on the renin-angiotensin system.Angiotensin ii receptor blockers (arbs), combinations.Angiotensin ii receptor blockers (arbs) and calcium channel blockers.Fimasartan and amlodipine",C09DB09
"Cardiovascular system.Agents acting on the renin-angiotensin system.Angiotensin ii receptor blockers (arbs), combinations.Angiotensin ii receptor blockers (arbs), other combinations",C09DX
"Cardiovascular system.Agents acting on the renin-angiotensin system.Angiotensin ii receptor blockers (arbs), combinations.Angiotensin ii receptor blockers (arbs), other combinations.Valsartan, amlodipine and hydrochlorothiazide",C09DX01
"Cardiovascular system.Agents acting on the renin-angiotensin system.Angiotensin ii receptor blockers (arbs), combinations.Angiotensin ii receptor blockers (arbs), other combinations.Valsartan and aliskiren",C09DX02
"Cardiovascular system.Agents acting on the renin-angiotensin system.Angiotensin ii receptor blockers (arbs), combinations.Angiotensin ii receptor blockers (arbs), other combinations.Olmesartan medoxomil, amlodipine and hydrochlorothiazide",C09DX03
"Cardiovascular system.Agents acting on the renin-angiotensin system.Angiotensin ii receptor blockers (arbs), combinations.Angiotensin ii receptor blockers (arbs), other combinations.Valsartan and sacubitril",C09DX04
"Cardiovascular system.Agents acting on the renin-angiotensin system.Angiotensin ii receptor blockers (arbs), combinations.Angiotensin ii receptor blockers (arbs), other combinations.Valsartan and nebivolol",C09DX05
"Cardiovascular system.Agents acting on the renin-angiotensin system.Angiotensin ii receptor blockers (arbs), combinations.Angiotensin ii receptor blockers (arbs), other combinations.Candesartan, amlodipine and hydrochlorothiazide",C09DX06
"Cardiovascular system.Agents acting on the renin-angiotensin system.Angiotensin ii receptor blockers (arbs), combinations.Angiotensin ii receptor blockers (arbs), other combinations.Irbesartan, amlodipine and hydrochlorothiazide",C09DX07
Cardiovascular system.Agents acting on the renin-angiotensin system.Other agents acting on the renin-angiotensin system,C09X
Cardiovascular system.Agents acting on the renin-angiotensin system.Other agents acting on the renin-angiotensin system.Renin-inhibitors,C09XA
Cardiovascular system.Agents acting on the renin-angiotensin system.Other agents acting on the renin-angiotensin system.Renin-inhibitors.Remikiren,C09XA01
Cardiovascular system.Agents acting on the renin-angiotensin system.Other agents acting on the renin-angiotensin system.Renin-inhibitors.Aliskiren,C09XA02
Cardiovascular system.Agents acting on the renin-angiotensin system.Other agents acting on the renin-angiotensin system.Renin-inhibitors.Aliskiren and hydrochlorothiazide,C09XA52
Cardiovascular system.Agents acting on the renin-angiotensin system.Other agents acting on the renin-angiotensin system.Renin-inhibitors.Aliskiren and amlodipine,C09XA53
"Cardiovascular system.Agents acting on the renin-angiotensin system.Other agents acting on the renin-angiotensin system.Renin-inhibitors.Aliskiren, amlodipine and hydrochlorothiazide",C09XA54
Cardiovascular system.Lipid modifying agents,C10
"Cardiovascular system.Lipid modifying agents.Lipid modifying agents, plain",C10A
"Cardiovascular system.Lipid modifying agents.Lipid modifying agents, plain.Hmg coa reductase inhibitors",C10AA
"Cardiovascular system.Lipid modifying agents.Lipid modifying agents, plain.Hmg coa reductase inhibitors.Simvastatin",C10AA01
"Cardiovascular system.Lipid modifying agents.Lipid modifying agents, plain.Hmg coa reductase inhibitors.Lovastatin",C10AA02
"Cardiovascular system.Lipid modifying agents.Lipid modifying agents, plain.Hmg coa reductase inhibitors.Pravastatin",C10AA03
"Cardiovascular system.Lipid modifying agents.Lipid modifying agents, plain.Hmg coa reductase inhibitors.Fluvastatin",C10AA04
"Cardiovascular system.Lipid modifying agents.Lipid modifying agents, plain.Hmg coa reductase inhibitors.Atorvastatin",C10AA05
"Cardiovascular system.Lipid modifying agents.Lipid modifying agents, plain.Hmg coa reductase inhibitors.Cerivastatin",C10AA06
"Cardiovascular system.Lipid modifying agents.Lipid modifying agents, plain.Hmg coa reductase inhibitors.Rosuvastatin",C10AA07
"Cardiovascular system.Lipid modifying agents.Lipid modifying agents, plain.Hmg coa reductase inhibitors.Pitavastatin",C10AA08
"Cardiovascular system.Lipid modifying agents.Lipid modifying agents, plain.Fibrates",C10AB
"Cardiovascular system.Lipid modifying agents.Lipid modifying agents, plain.Fibrates.Clofibrate",C10AB01
"Cardiovascular system.Lipid modifying agents.Lipid modifying agents, plain.Fibrates.Bezafibrate",C10AB02
"Cardiovascular system.Lipid modifying agents.Lipid modifying agents, plain.Fibrates.Gemfibrozil",C10AB04
"Cardiovascular system.Lipid modifying agents.Lipid modifying agents, plain.Fibrates.Fenofibrate",C10AB05
"Cardiovascular system.Lipid modifying agents.Lipid modifying agents, plain.Fibrates.Ciprofibrate",C10AB08
"Cardiovascular system.Lipid modifying agents.Lipid modifying agents, plain.Fibrates.Choline fenofibrate",C10AB11
"Cardiovascular system.Lipid modifying agents.Lipid modifying agents, plain.Nicotinic acid and derivatives",C10AD
"Cardiovascular system.Lipid modifying agents.Lipid modifying agents, plain.Nicotinic acid and derivatives.Nicotinic acid",C10AD02
"Cardiovascular system.Lipid modifying agents.Lipid modifying agents, plain.Nicotinic acid and derivatives.Nicotinic acid, combinations",C10AD52
"Cardiovascular system.Lipid modifying agents.Lipid modifying agents, plain.Other lipid modifying agents",C10AX
"Cardiovascular system.Lipid modifying agents.Lipid modifying agents, plain.Other lipid modifying agents.Dextrothyroxine",C10AX01
"Cardiovascular system.Lipid modifying agents.Lipid modifying agents, plain.Other lipid modifying agents.Probucol",C10AX02
"Cardiovascular system.Lipid modifying agents.Lipid modifying agents, plain.Other lipid modifying agents.Meglutol",C10AX05
"Cardiovascular system.Lipid modifying agents.Lipid modifying agents, plain.Other lipid modifying agents.Ezetimibe",C10AX09
"Cardiovascular system.Lipid modifying agents.Lipid modifying agents, plain.Other lipid modifying agents.Lomitapide",C10AX12
"Cardiovascular system.Lipid modifying agents.Lipid modifying agents, plain.Other lipid modifying agents.Evolocumab",C10AX13
"Cardiovascular system.Lipid modifying agents.Lipid modifying agents, plain.Other lipid modifying agents.Alirocumab",C10AX14
"Cardiovascular system.Lipid modifying agents.Lipid modifying agents, plain.Other lipid modifying agents.Bempedoic acid",C10AX15
"Cardiovascular system.Lipid modifying agents.Lipid modifying agents, combinations",C10B
"Cardiovascular system.Lipid modifying agents.Lipid modifying agents, combinations.Hmg coa reductase inhibitors in combination with other lipid modifying agents",C10BA
"Cardiovascular system.Lipid modifying agents.Lipid modifying agents, combinations.Hmg coa reductase inhibitors in combination with other lipid modifying agents.Lovastatin and nicotinic acid",C10BA01
"Cardiovascular system.Lipid modifying agents.Lipid modifying agents, combinations.Hmg coa reductase inhibitors in combination with other lipid modifying agents.Simvastatin and ezetimibe",C10BA02
"Cardiovascular system.Lipid modifying agents.Lipid modifying agents, combinations.Hmg coa reductase inhibitors in combination with other lipid modifying agents.Pravastatin and fenofibrate",C10BA03
"Cardiovascular system.Lipid modifying agents.Lipid modifying agents, combinations.Hmg coa reductase inhibitors in combination with other lipid modifying agents.Simvastatin and fenofibrate",C10BA04
"Cardiovascular system.Lipid modifying agents.Lipid modifying agents, combinations.Hmg coa reductase inhibitors in combination with other lipid modifying agents.Atorvastatin and ezetimibe",C10BA05
"Cardiovascular system.Lipid modifying agents.Lipid modifying agents, combinations.Hmg coa reductase inhibitors in combination with other lipid modifying agents.Rosuvastatin and ezetimibe",C10BA06
"Cardiovascular system.Lipid modifying agents.Lipid modifying agents, combinations.Hmg coa reductase inhibitors in combination with other lipid modifying agents.Rosuvastatin and fenofibrate",C10BA09
"Cardiovascular system.Lipid modifying agents.Lipid modifying agents, combinations.Hmg coa reductase inhibitors, other combinations",C10BX
"Cardiovascular system.Lipid modifying agents.Lipid modifying agents, combinations.Hmg coa reductase inhibitors, other combinations.Simvastatin and acetylsalicylic acid",C10BX01
"Cardiovascular system.Lipid modifying agents.Lipid modifying agents, combinations.Hmg coa reductase inhibitors, other combinations.Pravastatin and acetylsalicylic acid",C10BX02
"Cardiovascular system.Lipid modifying agents.Lipid modifying agents, combinations.Hmg coa reductase inhibitors, other combinations.Atorvastatin and amlodipine",C10BX03
"Cardiovascular system.Lipid modifying agents.Lipid modifying agents, combinations.Hmg coa reductase inhibitors, other combinations.Simvastatin, acetylsalicylic acid and ramipril",C10BX04
"Cardiovascular system.Lipid modifying agents.Lipid modifying agents, combinations.Hmg coa reductase inhibitors, other combinations.Rosuvastatin and acetylsalicylic acid",C10BX05
"Cardiovascular system.Lipid modifying agents.Lipid modifying agents, combinations.Hmg coa reductase inhibitors, other combinations.Atorvastatin, acetylsalicylic acid and ramipril",C10BX06
"Cardiovascular system.Lipid modifying agents.Lipid modifying agents, combinations.Hmg coa reductase inhibitors, other combinations.Rosuvastatin, amlodipine and lisinopril",C10BX07
"Cardiovascular system.Lipid modifying agents.Lipid modifying agents, combinations.Hmg coa reductase inhibitors, other combinations.Atorvastatin and acetylsalicylic acid",C10BX08
"Cardiovascular system.Lipid modifying agents.Lipid modifying agents, combinations.Hmg coa reductase inhibitors, other combinations.Rosuvastatin and amlodipine",C10BX09
"Cardiovascular system.Lipid modifying agents.Lipid modifying agents, combinations.Hmg coa reductase inhibitors, other combinations.Rosuvastatin and valsartan",C10BX10
"Cardiovascular system.Lipid modifying agents.Lipid modifying agents, combinations.Hmg coa reductase inhibitors, other combinations.Atorvastatin, amlodipine and perindopril",C10BX11
"Cardiovascular system.Lipid modifying agents.Lipid modifying agents, combinations.Hmg coa reductase inhibitors, other combinations.Atorvastatin, acetylsalicylic acid and perindopril",C10BX12
"Cardiovascular system.Lipid modifying agents.Lipid modifying agents, combinations.Hmg coa reductase inhibitors, other combinations.Rosuvastatin, perindopril and indapamide",C10BX13
"Cardiovascular system.Lipid modifying agents.Lipid modifying agents, combinations.Hmg coa reductase inhibitors, other combinations.Rosuvastatin, amlodipine and perindopril",C10BX14
"Cardiovascular system.Lipid modifying agents.Lipid modifying agents, combinations.Hmg coa reductase inhibitors, other combinations.Atorvastatin and perindopril",C10BX15
"Cardiovascular system.Lipid modifying agents.Lipid modifying agents, combinations.Hmg coa reductase inhibitors, other combinations.Rosuvastatin and fimasartan",C10BX16
"Cardiovascular system.Lipid modifying agents.Lipid modifying agents, combinations.Hmg coa reductase inhibitors, other combinations.Rosuvastatin and ramipril",C10BX17
